path,size_bytes,sha256
.gitattributes,136,a3a507ddabe72fc52d2a2a3f7960332e31d1ed21ebda4b07e28b1866a4eb90c5
.github/workflows/ci.yml,843,8139ac0611054a6a9eae2fd307d6570cda2e57fd0736d092f2a637ae2ab54475
.gitignore,244,5010e3a9ccc4af8dd43d294eadf2b52a86dc8903425f15fc96f670125777b5ce
CITATION.cff,366,c0ed9c2050dc4e4750083040af73aa10885e37a3ba7fde6ce2538db790bd4422
EVIDENCE_SCOPE.md,864,db6dd9b93ac1c19bd9d0077c4fd1ea4144c4d64b1eb7b146d35b542adc8a4772
METHOD_SOURCES.md,2275,bf475bc4209d070369f373b2dfb84ed6782b0be974f8e7ff0956951459282729
PACKAGE_CONTENTS.md,1348,e852e014b90af7147b203174be41890e04df3130e002ee0465952ac8b8356771
README.md,4716,3688494f490b8dfec7ea3dcf33d903ff7ade3f421baddcb485e168671ad299b0
README_AR.md,4089,5ef8b912b435d93c5834c0b09afc24488127c9e4e2ac1deb909bd6db38585e2e
REPRODUCIBILITY.md,2903,25db0d684a6f3a87ab1410cf7c2880ede3b7fb8e6d47b8238002d1d729858c60
RESULTS.md,1856,a7cf3f3ace3dad126348f28db897f86c5503f0965a41ec1dc00ddcef6315c583
RUN_VERIFY_WINDOWS.bat,87,319410b231531444d108b0b618b5686abc0f9cafe7c1660cdf8519da7e5c5381
SETUP_AND_VERIFY_WINDOWS.bat,242,886ed667882922bfd5c0a0625d33bcb8cd6f67cc4bf03005667d53c6c7092b12
configs/controlled_representation_drift.json,2406,9f4fdbdc582e1bba85eed5fd448388e7643c0dd783b5011d975a9f73586800ad
configs/datasets/covertype.json,787,ccc157dceadab7e7f5e0a92ffe45d96ab99f6b75fef301a41e8947e833903330
configs/datasets/electricity.json,789,39f48067fb80aac3eec240768231adb98cd82f417bfc4bc0d51e7a9d818e38ff
configs/datasets/synthetic_gmm.json,1076,1518447e6a3e1ed20a97ce3d6628dc457fcc243020b00028ce0f6c5c8118fcb1
configs/datasets/tweeteval.json,967,92f36e1d266ea05a7f0a817f51830bab041689dbc85fbbd4b810d6cdb486a231
configs/external/twstream_official.json,554,f91dcccb785b13acafe657519425aecaac9e597a89c20b562b5171088b7978b7
configs/modern_methods_all_datasets.json,1453,f4595cb8e5d8899c4e219190debf9ca6091153c507206760b0160375c949ab48
data/README.md,2369,db8d21b0f90ca796b80b7da2ff9a8b2c4589fcfbdee872a1d75e63c43a7e9d4e
data/controlled/representation_drift_standardized.npz,17737861,89fe15a7aed55d5fbeda0d2b0838938ba6846e61c34c44fdb6900cfba577a646
data/controlled/representation_drift_stream.npz,17656153,eda0e8ff77e480a9f6aa30fe252d8b9f1def8295fdcec8a55062195ed5be2f5f
data/rank_validation/processed/covertype.npz,13210555,fb42a585883a4959b4a39b539cd9c214604762f79e71b9e858de908f01d492ba
data/rank_validation/processed/electricity.npz,1051891,86394e30035cefa2d438875c284330f295179a08b249e14b436c5845567e1d71
data/rank_validation/processed/synthetic_gmm.npz,8562061,586fbb789dbd8f7285803bc19eb0586660236108014a4b010c35a80c2a62cf66
data/rank_validation/processed/tweeteval_sentiment.npz,57140951,83c8b3c392ceae11560bab9a8f5e13c6272161787e789e62202c4c1a985c94b6
data/study_assets_manifest.json,1465,026a0b1d67f3ed1e4b370ead621daaceefcf4d1490e0d67f653b2856a5c291a4
docs/GITHUB_TECHNICAL_GUIDE_AR.md,10307,73f08178dd907ff7d5b46123ae930da33ca0392f39d75e77fde654a322249145
docs/PRIMARY_EXECUTION_RECORD.md,1022,1ba2da2c2ee6c653b12a883deaeaa22205e211d3e5ef93e88660f25f1e71aca0
docs/UNIFIED_REEXECUTION_PROTOCOL.md,2178,5fa1a84ba583e991909d353dc1fa7655012843698a16ce7230064abb2a08305f
docs/main_results_integrity.json,137,f232e51ee35f8f376510bf4619b0ae4d1e631d4b8442c83bbfe1aef7fb61e355
docs/primary_execution_index.csv,7062,5d1e1fe6bb9f73ca66a1c8e5c38e090f7b12bb4766d0bb733da01e5ecda810d0
docs/primary_execution_record.json,504,e8703de5744d456eb9bbca6f2ec31358967ce7db4c31ccc8648124f1e912ec1a
docs/protected_main_results_sha256.txt,22662,7145461867fbe990f45146986237474c703d489ad42601ac87f559d2faff3c81
environment/README.md,494,bf79701fe0d5b90c39fc23ffbf9f6207dae0836c2c355b93478f24884585accf
environment/environment.yml,240,12cdb67109fb33db5458022478f906d41e3418b7a7e85f540a22e9ca331c900e
experiments/aggregate_primary_runs.py,7393,cf27666b5fbd8497a9d6b8b8fbf05bf16747d2ba2038d90967b98e3e51ae1b85
experiments/profile_resources.py,4910,65514d18dc8f1dd502c624d02bd04bdb807d0d716cbb90efe9e466fd25d85d0e
experiments/run_ablation.py,3385,9185c306119e8f86cd2e9b885f2ac04d420d6a237ba28a7021b21912987989eb
experiments/run_controlled_method.py,5168,585d3d557063c1bbd507d1e77dc1c3c478d0983afb3629c850569d324d193c71
experiments/run_core_pair.py,3419,f0966a3e690f075248ff036c30d4f3ae6f6835808d33dcc6ddae560c4a0f1dca
experiments/run_drift_trace.py,6298,45e8baded8ddb6edf462ecc032b0ee2929b1d5cbdc3b61ed828973d54ae26f92
experiments/run_modern_all_datasets.py,9095,843b0f4c4f546236b9727188b876c7987fedd6114ffba56539c682cf6e273f2f
experiments/run_primary.py,21058,6b3b6462db296f8001264c9e2baf36db8eec65683deddd7d2fb8c256c85df799
experiments/run_rank.py,9064,264d276f235e5644db60c4f98e52388ad406abd672ca981beac485a016524072
experiments/run_sensitivity_actual.py,2947,41bd6f8a6e833cd9588f7479b770a438fe3b4317bc4d06690f7e98e85ed256b1
experiments/run_twstream_official.py,2924,b692a239c786f10e304e85a1de5f78e1d1913956d41d11bcc5e889ac5f1420e6
figures/.gitkeep,0,e3b0c44298fc1c149afbf4c8996fb92427ae41e4649b934ca495991b7852b855
figures/FIGURE_PROVENANCE.md,919,15b025690bcd72a9ebaf58ee49df0d4a3945ea907b35c19062ded9269ec547df
figures/ablation_quality.png,81989,7a35280ace5df2d761732050a3870b23e94c247c37a9f55550af9bbb26f8e29e
figures/controlled_quality.png,66286,ebf8bd20f4bb911f3f1481f3173feeaaca23d1f2be676d6c7c76c3b6de35015f
figures/manuscript_canonical/Fig1_proposed_model_diagram.png,363892,75397c78d4e32e0180c00fb79a8b989ea4ed58da3218186d95556b6390eea44d
figures/manuscript_canonical/Fig2_adaptive_rank_control.png,1041988,5699af2aff4b23dd4aef683e4cd6b325c6b653eae79e45e8ffbe1deca2cfc52d
figures/manuscript_canonical/Fig3_multidataset_quality.png,130027,c20a9738f9bab3195d4b6f10885e08c97149bcbb1843fb98fb56bcf514fb6386
figures/manuscript_canonical/Fig4_controlled_recent_comparison.png,59748,5cfd6ed29ab6c788065aab5a83202f8436a41e2b3a13d7e72da2c7c5e7e95147
figures/manuscript_canonical/Fig5_ablation_analysis.png,139668,020a9c316a8f85cb92966685f2b38aab93aa4faa00cfd774ec6e7523f3e32e1a
figures/manuscript_canonical/Fig6_drift_response.png,155021,612dcff3d7d3b6cdaf5b1cca58fbc2d5690c0039c88f639766ddcd5186e42a3a
figures/multidataset_quality.png,76578,58753d4d202afc534be0fe1ae9e92ae3d29afa46722313c2e8413b01e99770bd
main.py,12706,4777fcd90e70317ef1214ca8393699e847214bf368767129794d208ebfd79e57
pyproject.toml,521,6ecece6a8c200992edab63609de77e5e6930b3fca3a0b57ee1ff8469df06d28f
requirements.txt,359,f5fdf6a1bb4752bab6572f2b1dc487990c1b28a524282bdfe7271d98018ea0e9
results/main_results/ablation/raw/dense_projection/seed_13.json,1882,d5bf44f5bc19004de621227c84a6e702d4e2de667b010758272640ea48e2b8bc
results/main_results/ablation/raw/dense_projection/seed_19.json,1898,12f82869de9f4406eb1d6037fb2f3641554416c71d3e77184bd5a328b9db6777
results/main_results/ablation/raw/dense_projection/seed_23.json,1868,1548d402f9501b68998edb277b0df33b0d1006e573651cf6d807dc65e5b8f12e
results/main_results/ablation/raw/dense_projection/seed_31.json,1865,c68342c03e999ad9b5142dc4d47a9232d2ee6cd5fe9b13b0e148ef3f63de47d5
results/main_results/ablation/raw/dense_projection/seed_37.json,1896,31f05e19e476a0065a4d53cef7c5f726e9f921d22733f00e82fae31cba749954
results/main_results/ablation/raw/dense_projection/seed_41.json,1894,3897d13644a2bc5ea3e62de70f127ab83b12ae7b631eb375a2073ed6d9dd9682
results/main_results/ablation/raw/dense_projection/seed_43.json,1926,2f478d900a3d0ef62be79635d1ab6ef9dc2a08bb113682f8beef5def847809eb
results/main_results/ablation/raw/dense_projection/seed_47.json,1927,015af4d973a82f5af78ecf19c1bd79f253fac82536687c9e1fac75c20d491d64
results/main_results/ablation/raw/dense_projection/seed_53.json,1927,2684fd7795812dabfebb64aaeb2add54e618f5ebd5cf44bfd13b71804754e1f1
results/main_results/ablation/raw/dense_projection/seed_7.json,1878,5de9d97068eddb6bfe62c4b4ae60d66c06deceb87329800793575262a2c21d3e
results/main_results/ablation/raw/fixed_rank/seed_13.json,1841,1f4a643c212a9b1116bc1caf24602fb505b67143f0f27dc79af62bb258802c29
results/main_results/ablation/raw/fixed_rank/seed_19.json,1906,79e0c75b82fc08d53a61088390a5b6def068f5bcc5d61263beb7bfde0ffb92af
results/main_results/ablation/raw/fixed_rank/seed_23.json,1876,fd77c21bc993be7c54dd6690c513c5baa286670096cf6260beb2b58283e3913b
results/main_results/ablation/raw/fixed_rank/seed_31.json,1906,a978547a230dde69554db17dd98767d8fddd805b00eb08b9843175a42bcd862c
results/main_results/ablation/raw/fixed_rank/seed_37.json,1905,4b43723d61899387e94d807d637b1aa829ad7daa1b599189408db663a4df6a71
results/main_results/ablation/raw/fixed_rank/seed_41.json,1873,9a0af9d61b4f5911b1e0c22de59651f8870cb5f4319a0d28b2bf3c6f305a39d9
results/main_results/ablation/raw/fixed_rank/seed_43.json,1904,caa814feab88b1b75afe4f0ffdee1d194298e69c085aad9c283641a86df99ba1
results/main_results/ablation/raw/fixed_rank/seed_47.json,1844,8a0da649ff6c92bfd118b0d189e588dc9c4b3e634f17436f3ef3a60cb56def4d
results/main_results/ablation/raw/fixed_rank/seed_53.json,1904,6f3ddcdc64e37dc0fdd65f33ec8887b71725b9b376ac5069dc090abe3a4951db
results/main_results/ablation/raw/fixed_rank/seed_7.json,1894,d9bac955da7ebc4ad6a54283a89833741ff331fd6a564fe8e34e85c39cf08876
results/main_results/ablation/raw/keep_all/seed_13.json,1825,e5a97dd698cfbb36c49f8505078121e673e450508ce311251c9e4c325b70218e
results/main_results/ablation/raw/keep_all/seed_19.json,1920,ec68b2daf98e54aefe1cf346dde57ac8d9fc8d52ca5898790ce62c4a4bdda45e
results/main_results/ablation/raw/keep_all/seed_23.json,1890,56c8b9a05fc5acc48fe5a5bd4588387a6697a3a2b493c680a6b37c72414ab8cd
results/main_results/ablation/raw/keep_all/seed_31.json,1916,83653528c4c8b362db5130574506c5dc715f060cdaec4370f8a3f4e7bc6ee3e6
results/main_results/ablation/raw/keep_all/seed_37.json,1910,9642da708d17c0ce28883eab95076f9eaf3a1440ccb28c725054a24923afb687
results/main_results/ablation/raw/keep_all/seed_41.json,1884,c277ee032d60168c332035fd2e725579384e0da828790cdb8e9490e589ccc6c1
results/main_results/ablation/raw/keep_all/seed_43.json,1917,39c0d99d07142d62c18d6afea763f631e6ab30d57ba382060d4654f505867463
results/main_results/ablation/raw/keep_all/seed_47.json,1859,c5c83a961d84f3f9e1d4b4367a883788891242aad3831d6162458281f71956d1
results/main_results/ablation/raw/keep_all/seed_53.json,1916,b7d3ef75e6898d40d87ad2c06566f3dcb2977f75cff5f8e28c65eaae1b68b348
results/main_results/ablation/raw/keep_all/seed_7.json,1913,0f6cb012046b99feb953af4159a0ecc2c70925b7d0408141d4fb5b5c7a09bdd4
results/main_results/ablation/raw/leverage_weighting/seed_13.json,1839,2961cc7755f3749c88f21eb28570be065cc34a956de070604b572444351099bc
results/main_results/ablation/raw/leverage_weighting/seed_19.json,1929,086639db7577997894e06b41c6d3571252e5f58c014c98e9fa80686d3ef580e7
results/main_results/ablation/raw/leverage_weighting/seed_23.json,1901,372c7918e1ab7c0da40a4602447f9f06c34473290914cceb160a82e377cd90ac
results/main_results/ablation/raw/leverage_weighting/seed_31.json,1929,dafd385fe8bcfe1272f21be6921d0ea4ffba09b9eaef12ae692aa6979deca7e2
results/main_results/ablation/raw/leverage_weighting/seed_37.json,1930,253b89aa1c837ca18ffa9dfd166e96c2c25a2ddb2b74f25261b4b71243665369
results/main_results/ablation/raw/leverage_weighting/seed_41.json,1898,3a174e71e828497e1ee750434b92faaa50900dd416965ac00974018429248691
results/main_results/ablation/raw/leverage_weighting/seed_43.json,1927,4d92cbc07dde2d7d50a182f9e0937900877aafc0acd6cfdfe9ef88883617a1ad
results/main_results/ablation/raw/leverage_weighting/seed_47.json,1870,70611f84bd526822513d4a3b1daec18c096dd7df7b6ddf66b60a1ae1f7fb3504
results/main_results/ablation/raw/leverage_weighting/seed_53.json,1927,01a5fe8b51b4b17f82be6344d3562466ac17968bae7a9c424caa2b537623081d
results/main_results/ablation/raw/leverage_weighting/seed_7.json,1924,3dda5c21ee1874a88a69a87f55497ede2b13de19a4fe899ef65dcd2ca9c358ad
results/main_results/ablation/raw/proposed/seed_13.json,1828,8b27abcc2e160af9ef41a51267abf0712da2dd293a767946d5c8321e4b60f501
results/main_results/ablation/raw/proposed/seed_19.json,1918,a10f0bb3c1c9fe639a017bc208829e3d1a30943196947cc910b6387368a1e5c0
results/main_results/ablation/raw/proposed/seed_23.json,1885,8c243ea021821e9181d181196c16d1c4a6c8ca8c4378d0fc790bfe80b4a193de
results/main_results/ablation/raw/proposed/seed_31.json,1916,89d329d06d1751f9dd7807ec1f1c96342313543dd434417e4c2dd4bf002eede7
results/main_results/ablation/raw/proposed/seed_37.json,1923,a247ebb0314ac42b372321b516d703c865a48b9cab214b13313bd1737250410e
results/main_results/ablation/raw/proposed/seed_41.json,1882,df226db493327d8cf99238d620c103b124d26e53d6117d25fa543324e14745d5
results/main_results/ablation/raw/proposed/seed_43.json,1915,e240601458ae2728b2d27600a0e6de6542716bf5bc5efb99e0dcbb5548b085d0
results/main_results/ablation/raw/proposed/seed_47.json,1859,5cfbcb0d66d63c9769d9562df743864410ab1fd5ccf37591f4b23ccc0fa6d256
results/main_results/ablation/raw/proposed/seed_53.json,1918,98eab54d6621ed391750fdf411f7e104fea73cd07007e02a3805900169cba1e2
results/main_results/ablation/raw/proposed/seed_7.json,1907,3100969e5683babafdcae199f0f0c3539a0c76cba1bcb1c5a6a6940a61b0bcd2
results/main_results/ablation/raw/uniform_sampling/seed_13.json,1833,0425c5533ea551ebb90028e9373c8474b89a63fd80579ed4516806e9031fa5ba
results/main_results/ablation/raw/uniform_sampling/seed_19.json,1929,c731f95239c48fd4d72d0881c6e115d873fcb35147513b192a30cc77e63a46b9
results/main_results/ablation/raw/uniform_sampling/seed_23.json,1895,991a4a362bc2628814af528c5c1ee29b5e86c6d2d1ba00d6876501a6083846c9
results/main_results/ablation/raw/uniform_sampling/seed_31.json,1927,774390cf27db55b318784a9d522acc4b09460a53a530dc589ff3ed58dbf35f6e
results/main_results/ablation/raw/uniform_sampling/seed_37.json,1925,2488b6383e3c6e2cc83ebd24699a9f9b4c42f64315c31f5d4d4840d56cff17a3
results/main_results/ablation/raw/uniform_sampling/seed_41.json,1894,31ee85e203081573ecd6ff5ebdd337000cc02874405fd0f52852bb9db5844e6e
results/main_results/ablation/raw/uniform_sampling/seed_43.json,1925,327abceac6483c714d00f1bbec9d6e59de467cdf38ce3fdf93f860e52b74f900
results/main_results/ablation/raw/uniform_sampling/seed_47.json,1866,ec3742595768374a8ad71d711c585a99750a6c947925206f3f7fd5ba1c6d7e24
results/main_results/ablation/raw/uniform_sampling/seed_53.json,1925,ac52465cf86bf9a6052408675cd38d78502a6249cf090640395d9ae916998028
results/main_results/ablation/raw/uniform_sampling/seed_7.json,1908,d3311023e4f195b154dd74ef20cf6a5acc64a5aea523bb1ecb6784b104b8a28d
results/main_results/ablation/summary.csv,1486,f4db40c6c2351b489904ee4f5fec00ce9503fb92468f9a792d201faed28b0869
results/main_results/all_dataset_direct_comparison.csv,1099,ab640ed4e9e9a6e3b838d9cfbb0f5f99893728ea337f1c839738068e543f1f4d
results/main_results/controlled/method_summary.csv,1263,73bfebd1d1db37c12c2bfecbe5b3ac2bcf4f6d128e1422244cc05d2dd13a479d
results/main_results/controlled/raw/fixed_rank/seed_13.json,1935,47e085487fe5119df557b3e22a7cc9ce94be7fa1e68f0b7e5346456b6a9f9418
results/main_results/controlled/raw/fixed_rank/seed_19.json,2000,304a90b618c831bca309399f196df79536ed08d39d124c01cc37e33914e47026
results/main_results/controlled/raw/fixed_rank/seed_23.json,1970,937d174baa970cfe19cf00f87834f9c24e67c40a1cf8f04bfebc67bd2ec667f1
results/main_results/controlled/raw/fixed_rank/seed_31.json,2000,3a1f1ed8d735f93611daa26ad56f88b91dfde0a76b82fadf2f26c2e45cc0076a
results/main_results/controlled/raw/fixed_rank/seed_37.json,1999,b526c24b5d4b7ba3c5ba555634ded0a7c51e57a5a84162aa881083848bad66df
results/main_results/controlled/raw/fixed_rank/seed_41.json,1967,034035f6799f466d155b4a29130b09f97219f34fa11a4990cb7565984e92bdd3
results/main_results/controlled/raw/fixed_rank/seed_43.json,1998,cf42acfa6791beee09308042139602da46adf69aaf36cfb5535e8363fa6a57fe
results/main_results/controlled/raw/fixed_rank/seed_47.json,1938,a1f791197a514dac0562aaa72460b67e5410f86fd4e173d9ccbd66eed7a6e0ba
results/main_results/controlled/raw/fixed_rank/seed_53.json,1998,2cdd2a82fc22ac8b6f30f36746576fb08aa0db30d10453e7d01a4925e70fa263
results/main_results/controlled/raw/fixed_rank/seed_7.json,1988,50c0e0ce8c2f002bf6ed18d7197a0038cc95c49df2baa90bf1dc3352235455d2
results/main_results/controlled/raw/fra_art/seed_13.json,1847,bcc87bdd5a938e137c6442ac27e5f813ebf47788bb3ed996379e33896ead08ca
results/main_results/controlled/raw/fra_art/seed_19.json,1837,7a9efdfc4d6447adc64fa3219c8aba2b254d6599ac86cdb01cc86ea5fe8a78bb
results/main_results/controlled/raw/fra_art/seed_23.json,1814,fd8ae2a37e49cff349c0756a37df16b32ee0215bfab042a723cc67c94c6580b9
results/main_results/controlled/raw/fra_art/seed_31.json,1809,2f7ba4239fd808261f8df0a288a35d4602499f7d4f87e0b559eb3cb10cefbe8e
results/main_results/controlled/raw/fra_art/seed_37.json,1839,5a77fab512fddd8ec41406bdf9273fb3d2b60572786915d1d0f3e0780058f94d
results/main_results/controlled/raw/fra_art/seed_41.json,1841,cfa61fa069fa8782a12ffa7a36cd0db01f41096bfdccfaced125a2a00ffbcf6b
results/main_results/controlled/raw/fra_art/seed_43.json,1843,67a026a3c3c99cc8f7c8e8013d9f31bc5eb1e50c826a1383142ba0e42e95197a
results/main_results/controlled/raw/fra_art/seed_47.json,1839,fe02af9abbffc0c2fd6067ab4a670be5eb7f9d5a10db2c7cde632173b1e57a28
results/main_results/controlled/raw/fra_art/seed_53.json,1843,eb577398dad292fc28b081837244e5b668f1f86d530b9c75773210cd4c79c4c7
results/main_results/controlled/raw/fra_art/seed_7.json,1665,440a4ae20f9c03d7b01138f73581ce8f22b236132cb650a34c0a8a3d0a417e3c
results/main_results/controlled/raw/proposed/seed_13.json,1920,57b2e67c4023b284f5da6637b87f042183be7939d160c9ca79805a4e36be734b
results/main_results/controlled/raw/proposed/seed_19.json,2010,b1d69c49c317869c1098c21869ab16db57f48c07fa45fb0d6193ffd02ceeeaaa
results/main_results/controlled/raw/proposed/seed_23.json,1977,6cc48de90b7eab93f8f21cb3480b44266d1ae0595d3bccb0dd98a3efd988d04b
results/main_results/controlled/raw/proposed/seed_31.json,2008,af1f746c3df31fa305213898cba70c929d630a018752632163ffaa45c94383ca
results/main_results/controlled/raw/proposed/seed_37.json,2015,acee41f9b14d99a9a5e2e3adf51821cf9bf14a04eef86da6a9741b6a594133f8
results/main_results/controlled/raw/proposed/seed_41.json,1974,601ce3a1e0917caa5c689e633bb0c74b17547475d72d199c13bc046e4c0d64b2
results/main_results/controlled/raw/proposed/seed_43.json,2007,a572090f4427a629fc6974b02f3b67864984799f4ed4a858d1f5e827a7e4c938
results/main_results/controlled/raw/proposed/seed_47.json,1951,4aa9d6158aee4712388682d186d547d91e6be2e38bb8bf0b5371e3420752130c
results/main_results/controlled/raw/proposed/seed_53.json,2010,c04726b5f2daab0308310ec323160efb4bf3356fd9a963cb0346c53f0cd4f56e
results/main_results/controlled/raw/proposed/seed_7.json,1999,c1a0f0d096862df013ceaff109573456c34ee9b643df64c0dd969b4cb7dae44d
results/main_results/controlled/raw/twstream/seed_13.json,1610,37ee961bf16c868b67af54e3b5679ad918ba602fb4a58651abeec55fd4c29b5b
results/main_results/controlled/raw/twstream/seed_19.json,1610,4610dae35e55547b0c677bd0b0a78b48ec6765f209eea1189ebf2e4b19fc3814
results/main_results/controlled/raw/twstream/seed_23.json,1608,60e7358d45184606c0b2b95c48072a840889cc7001690355276554f0b613fa5d
results/main_results/controlled/raw/twstream/seed_31.json,1609,9d9908500e7fab8329f42d5bfb50eb3e02f165cf3e610d46530e91f7450c2563
results/main_results/controlled/raw/twstream/seed_37.json,1611,b05023de2ec5738c770fada41a0e8bf877ad79021611514f71355ec0a3592646
results/main_results/controlled/raw/twstream/seed_41.json,1609,b2654b0d4bf52d4228897f594eb560f9cba36e53a3dbad78486ae44916a9c263
results/main_results/controlled/raw/twstream/seed_43.json,1607,bc5f4bf2550d4acdc5457acbfa23baf62e30ccdaea6ba30079743ae88744b96b
results/main_results/controlled/raw/twstream/seed_47.json,1609,c63f78dddc0687dfdef5ed531719812f7e7897eadcb2a6c1453b2fd8ac8dc2b3
results/main_results/controlled/raw/twstream/seed_53.json,1609,ff992e7bcd523ce28287e519623805371348f7e1ccd4988b8ee6e3ff4da23f6e
results/main_results/controlled/raw/twstream/seed_7.json,1607,4818e936db08a8388f2809f5f4910c1871c15568f3665fe0c32f0bb120ae3e0c
results/main_results/drift/adaptation_delay.csv,1524,544ab9ce9d2aa916df406a221bd41daba965a7cb2f02fb1b45e6abfc4fcba03c
results/main_results/drift/drift_quality.csv,3944,af7bc8c6823cd9b5e58cac4926718e31c302a11c8e31a012f0f38a167b88821e
results/main_results/drift/pre_post_drift_summary.csv,433,0f7f684a29b5f4e2a97799f2036744858bbc4e801ef74cc0b42a71f837d58019
results/main_results/drift/rank_distribution_seedwise.csv,1807,f5a75e0969f4683ad21356e3fb226f6c598cbe114dc0273edb0ae6f8ef334f16
results/main_results/drift/raw_traces/trace_seed7_decimated.csv,17883,31b5053ab95e2487b3df000ee9d284d3f6b7314d135dd0dec0117f25bf2e3c04
results/main_results/drift/raw_traces/trace_seed_13.npz,16518,ebe4dc2fc9b8e3ad4213ed0c5db6ef7e7167ee80f3eedda37566e2f4b98d012a
results/main_results/drift/raw_traces/trace_seed_19.npz,16519,426fcb2d9aa5e9fc0c108a6a5091dabebf1de698cc2c53c9e9c60b6e7c223ea9
results/main_results/drift/raw_traces/trace_seed_23.npz,16525,5498f6d0800536e5fab07913d276eb6c8ff9cdd544efe96cd6131bdc51a88b0a
results/main_results/drift/raw_traces/trace_seed_31.npz,16510,b88256427385ff7b1520d64d19f74ffb0703ed57ceaf7fbdc3e87216b78495d6
results/main_results/drift/raw_traces/trace_seed_37.npz,16498,1d05fe13005681f5370a70d1e1aa4b8a847ea17bfd38ab35f4a7d9e610cf9025
results/main_results/drift/raw_traces/trace_seed_41.npz,16536,e0236972791c0960feaf3478433d1f480b1dab80c8108c450b3a77cd5f6a8828
results/main_results/drift/raw_traces/trace_seed_43.npz,16514,f13f06636697994b12e79346cd322fff2f22714bb80bbb05dae14040e7fa1f1b
results/main_results/drift/raw_traces/trace_seed_47.npz,16480,0c8b21b7554ecf31f3e28ea031bcdfca146db233663c42eb6dae1096301f4843
results/main_results/drift/raw_traces/trace_seed_53.npz,16499,00c0d8b9afbf0f0792d5a381e00a3998358f84992cce919bef70258dec0850f5
results/main_results/drift/raw_traces/trace_seed_7.npz,16496,9f5cc0c9601652640f5ae271f62fe05ce7bacfe9e05ee2a47e8f4301c27ce438
results/main_results/drift/run_summary.csv,701,1e7e43c0ff7f215509372e7baae1388c1fc23aef45185cc574281e4a7feafcea
results/main_results/drift/summary.json,636,b8cf729f1f9c464354ce7a08c3dcdf4c6d27be3f2c59977dbcbfd84085f8db25
results/main_results/modern_methods_extension/README.md,627,6ea02c5890a4b57a8c5aa48669c0923a86bd14af40650d0aa7ad8cafc172d359
results/main_results/modern_methods_extension/complete_window_summary_raw.csv,2115,e214497d8029401be07df7a44ce8004258c3d6f3f17d0c3ffc804d4d98ae6666
results/main_results/modern_methods_extension/summary.csv,388,a10836ddca932e7180dc150acea793dbe2151ceacf16108755824854e1e3511f
results/main_results/multidataset/dataset_quality.csv,380,6afdacba24740ad072e0f69e9a864b2ac168fedb826da235df914f29c36f0e19
results/main_results/multidataset/dataset_quality_with_sd.csv,881,98b11d879362e8592d1ac77bdfe4937729bba123f6538a58ed3ba02f1dc83e74
results/main_results/multidataset/process_resources.csv,248,8b376b961fdd694f9669299366dfbbcc8719d5dc231f0baaaf2072e8e7efe1f3
results/main_results/multidataset/quality_summary.csv,316,80e8c81b5dca19d9ae33eb3ef2fe1317b9660883c5550f532c7346ae6c23eb47
results/main_results/rank_all_datasets/README.md,460,86edc499708f708261e15cb0b3b3ca76efc13383696b2059454eb71214ac083a
results/main_results/rank_all_datasets/rank_distribution.csv,443,18623bfea38671a7648b9a015e5bc280d31734b308ead0b097968aa1fe8b4c0f
results/main_results/rank_all_datasets/rank_seedwise.csv,4981,4437a4ac3a2c0721595934b77152e4470b80ad3cd13ae86a5e795d2518997343
results/main_results/rank_all_datasets/rank_summary.csv,211,04eaec77d18757fe03f1908331f8c7e879658c139918a9698b8f4e7d40199eaa
results/main_results/rank_all_datasets/rank_summary_full_internal.csv,516,ca4f3a8bcde117efd6ec989278f173f0fdc1b06831a933d450e33624730ad7da
results/main_results/rank_all_datasets/raw_logs/covertype_13.log,317,461f880b3ef165d625035507518b1ee51242a58fd72e9f1539f10e961ddc3c0a
results/main_results/rank_all_datasets/raw_logs/covertype_19.log,316,08fc29a48009000ec80e665611cc7871caca3b939d1e217120f5d2ac41ca71bf
results/main_results/rank_all_datasets/raw_logs/covertype_23.log,317,eb952abe04e23b756fe00cf0f7c00900b4f4f93e7907b35b1b583f21164421f0
results/main_results/rank_all_datasets/raw_logs/covertype_31.log,318,041025e3c31a55236a954eddbff5652cd76ca26b3299ab11f5e59703bc0a480d
results/main_results/rank_all_datasets/raw_logs/covertype_37.log,316,2ed83e32fdf5b3b1b78990fe76f6c1043fddfad27355fc7bf74d1f56f14e432b
results/main_results/rank_all_datasets/raw_logs/covertype_41.log,318,c7f11e031d1123fafe14e09a5e411ab02778375e565a71613e750853c3021a76
results/main_results/rank_all_datasets/raw_logs/covertype_43.log,318,8077333cdb25667d7669f9726b7c6b7dea31a1864969d26a0beed6031f0763b3
results/main_results/rank_all_datasets/raw_logs/covertype_47.log,320,32bef15751fcfdcedfc94ecc33e112299de0bb5b370f05e0a7a1cb7541f49727
results/main_results/rank_all_datasets/raw_logs/covertype_53.log,320,ca45f4c82dd253b70dcea039ede16482e6560b44ae526d20b859e89b4aa5f98b
results/main_results/rank_all_datasets/raw_logs/covertype_7.log,317,9db4a8d4fc1a0c0ad4f9bb3aeae95d2857d8fba22641b9c2bd1c6ee9dfb730da
results/main_results/rank_all_datasets/raw_logs/electricity_13.log,321,043af451ae4f32dde49690b13e4d411ecd114d6dd20e7b99c3b2025cba4ab033
results/main_results/rank_all_datasets/raw_logs/electricity_19.log,322,8285fcb7560f0dd50284a37060dcc62993f5c26d7f353aa7b9cd4a07ad650bad
results/main_results/rank_all_datasets/raw_logs/electricity_23.log,324,9dcb17fabc50b31e2de25ec469e6526b42f7c5f5f8da7185e3ddeac21942828c
results/main_results/rank_all_datasets/raw_logs/electricity_31.log,321,f43597e4773a9ed1667f6f023d2e74bf2347373234ef74432c515da313cb1400
results/main_results/rank_all_datasets/raw_logs/electricity_37.log,323,994189d67325fb8e17bb4e8893420bd9b716b7451981a33f765c65ad7c8e2ed1
results/main_results/rank_all_datasets/raw_logs/electricity_41.log,323,5704b7c8e93f9ebce16719e5b634e0f0323f6c5672e0bd85418061a58eb72e94
results/main_results/rank_all_datasets/raw_logs/electricity_43.log,323,0215129c22afc3fee813d234ad8f9a623ca6aed76c5b467bded530c6f48c3d80
results/main_results/rank_all_datasets/raw_logs/electricity_47.log,325,846fbf2db9a71b39ff1070709301bf7890a96ec921011890e2ac4fc544c44368
results/main_results/rank_all_datasets/raw_logs/electricity_53.log,323,5142d38d98c89a647d4797e5472d1cc54a49a627b7997e1868367ebbfe313f99
results/main_results/rank_all_datasets/raw_logs/electricity_7.log,320,45e6eaef9f167a461c75bc0b95cfd0c93e4ff702e7a3e7c7b68274b3428c5a20
results/main_results/rank_all_datasets/raw_logs/synthetic_gmm_13.log,293,491283ee0917feeff3c2ddf30ed12a37a3b800cc579bfb498a515dc8d102791f
results/main_results/rank_all_datasets/raw_logs/synthetic_gmm_19.log,293,aea4114ed0f30fba2b55ae2eead4ab66be7ab44f0979299480587cb82a7c5cf0
results/main_results/rank_all_datasets/raw_logs/synthetic_gmm_23.log,279,57a3b5027b85e8936450e34910e44ddec37400980c4f579337ffd2ee5d5ebb18
results/main_results/rank_all_datasets/raw_logs/synthetic_gmm_31.log,295,4ac35fda41acbd5d9d721c96101868c536bdff771cb6f3f189d7e5f02ca003ca
results/main_results/rank_all_datasets/raw_logs/synthetic_gmm_37.log,293,06a4b80fe34bc195cacae2d0cd9b6b3edd987e87f5f04d66eda025888ca6f925
results/main_results/rank_all_datasets/raw_logs/synthetic_gmm_41.log,281,b570011119855bb95cb0f9ce0d6b203d79e24906254663ea06671a4a48f71469
results/main_results/rank_all_datasets/raw_logs/synthetic_gmm_43.log,280,1a50e0f9201a16da9a2de6ffb6e39c4952b8de8dd661bb7318ad1fb826ccf324
results/main_results/rank_all_datasets/raw_logs/synthetic_gmm_47.log,294,0f6e91742553842ce7638a114ea889b18f0ae1c70a58e6681d95550bfa3e748d
results/main_results/rank_all_datasets/raw_logs/synthetic_gmm_53.log,294,09c0e98da749bf1d8ea6fd28ae740b65109da3c84fe8390d3b8468f024454d71
results/main_results/rank_all_datasets/raw_logs/synthetic_gmm_7.log,291,472bcebf27b2621779fedce9dc10ec438783e401f22ee78ee8698b3f5bb49b10
results/main_results/rank_all_datasets/raw_logs/tweeteval_sentiment_13.log,303,716d26dd15cc47be6b98a97c3888aa8e3ebad8d3d2c6574bdc14484d5b648831
results/main_results/rank_all_datasets/raw_logs/tweeteval_sentiment_19.log,302,0364a954b97006b06e28ea09a821a2c317c606fddf050dd23ced4997f42dd32c
results/main_results/rank_all_datasets/raw_logs/tweeteval_sentiment_23.log,299,dd27987898275ddae0a7bdf5e5de3beaf6476f3a1c4008ed87fa554cbec5ed4b
results/main_results/rank_all_datasets/raw_logs/tweeteval_sentiment_31.log,300,f7ef32bbb760356d6d2d169b7050cf7e9561122df12952eff2a7aedb5a67e330
results/main_results/rank_all_datasets/raw_logs/tweeteval_sentiment_37.log,302,8b2a4d1f845a39f095fd7f2a2031abc79b60395d192268a022adcc05ed9bf748
results/main_results/rank_all_datasets/raw_logs/tweeteval_sentiment_41.log,302,2c9bea7cfc8091ca7a1d20d7f2a0c7c5a9c3c1fe1831e45d714a59f68364e19e
results/main_results/rank_all_datasets/raw_logs/tweeteval_sentiment_43.log,303,7672a4472af200c5536f43a2bb9fa86f0ca1cc29c6a9d4e7ba1f0abec837efa2
results/main_results/rank_all_datasets/raw_logs/tweeteval_sentiment_47.log,301,9e75ba83b551be14cc05e97c8bdd0634ebe98369237019bb5db60fdd8a9c9a94
results/main_results/rank_all_datasets/raw_logs/tweeteval_sentiment_53.log,302,fab3748576ff185912646f37bedd12cdbc6b9783b56bf6a00f001d7a0fcccc9a
results/main_results/rank_all_datasets/raw_logs/tweeteval_sentiment_7.log,300,19b94e126a1b27cb7d845ff073c097b2149cf1907f6abc93024cd8a74d27015f
results/main_results/resources/resource_summary.csv,559,7d8c8bc4b6c4901fc31fed9ad78a4b640d5683eba19f7f5799d76ba0600237cd
results/main_results/resources/seedwise.csv,1207,008e9d47dff9e1bd13838ccb7f5ca0629a6c751d2cc38b3fe17efd6fe1a906d7
results/main_results/sensitivity/seedwise.csv,1830,33cebf8941aa35c4addb0c0c225880b5a1ea0c26c691c50f0429918589c6ea0f
results/main_results/sensitivity/summary.csv,1961,91cb841d2f377433bf73b365494412295a2cdc45a7aa32dab57241afea89a3a3
results/main_results/statistics/ablation_paired_stats.csv,2496,1a568e152c2175b4a516165df4e97ea801f04675dce0d72702839fbea5bd215a
results/main_results/statistics/core_paired_stats.csv,587,9a83cf6ebbab5a4f8be47ece69e6e93fe40d3265a1c4fbe75448d6034b3b9e8d
results/main_results/statistics/recent_method_paired_stats.csv,1250,82707ed7d2ddc9081d1b8746a37039f96f2ce4e140f5ec5f6dcc07bc81ae65f8
run_verify.sh,48,37a87acd189f642df15334a170dab5969f6820e960425e451b2bb1f35ac61b38
scripts/acquire_datasets.py,7553,fa2dedc844e23912a269825ed4f43c9fe741145fc82abe12b2e75fa74bb40321
scripts/build_figures.py,4552,1a71e0b03a46bcbff56d977a5c9199b860cc1ebd875f241cc6676bbf1183337e
scripts/generate_manifest.py,1595,c7f7f7c5706e202bbd88a11a522138483302ab84cf0a5d3e363f90e40ec02272
scripts/prepare_datasets.py,6202,562ee825288fe7a9278c24b4d35f38216bdaa90a2867f2785502c72c2ffb2366
scripts/rebuild_controlled_stream.py,3189,0167fc4dafa71b06b27f12c1db19658bc7f882fae7aabfc6c1514686eb4174c8
scripts/run_unit_tests_if_available.py,311,74be6ca32c4bcf676a23add5f407757437f61107dc2c1aca83a7a3aa8f7bacaf
scripts/setup_external_methods.py,800,07fdf121297c81b4ee14d2fc43887e096cef950c733c59fb3886501429192df4
scripts/verify_dataset_provenance.py,1295,90f51c6d82ae3840793d88efd589acfbb5266b3099c049714d5d209a3bcfedeb
scripts/verify_main_results.py,5545,4f318b4a5d25360dd179d886e72a7155b76817850bc2a9a1160664c92b94a0c5
scripts/verify_manifest.py,2621,751156f281030cf4034caaab20bcdbb125d9c5fba82448930f32d9df36db79e2
scripts/verify_package_health.py,4904,a59a39f01cbd86cf2668aea7b6437ee0d49260214d3824dcb07a816b36f1ceff
scripts/verify_protected_results.py,1886,9287afdd73eacd898b51a3762c603d4e42b86a9c5c384e4b194e9ce60a631b78
scripts/verify_study_protocol.py,4523,0d7009e5050e33fc06696b80df3a50d9de9acd4f2e966f9e171e2c833caa4c97
setup_and_verify.sh,188,2ab80e12ef4d11afaa1c67f7be1e3fe2b1ba1fde43472da85e8644a97c85521b
src/asc_stream/__init__.py,206,f1a59c4b294e975149212d0f81f44bf9fe0d0f00509d05f290d831e3c107a1de
src/asc_stream/baselines.py,14905,2e36d83bf1b312e8e6a59e5b8d01ab7805be65a74289c4943b8ab87dd64912b3
src/asc_stream/comparators.py,14494,74b51a75337ca17e3ccd13290555c94112ead64f213035430dc93f4ff68f6a58
src/asc_stream/config.py,3221,60f2edbf8db458a86abd24020440c482c840526c7229128e44836203287660ee
src/asc_stream/datasets/__init__.py,460,04897b24355ea731690fcfc554cfe7b698b9172f586056c9b3fbfc18214439a2
src/asc_stream/datasets/controlled_stream.py,3470,b2c1909a2ad8eb5f701ebf6495dfd291fa407202761169c4bfcd8b8ca36e7dda
src/asc_stream/datasets/provenance.py,7766,ad95b000bff11477734b1a246dab064441a0db2391610a53c0c514d2299252f6
src/asc_stream/datasets/public.py,1599,2812f04a01d598d1df1fd53922d0f3a7c62c1ba08a0c4af3bf597bcffffe3115
src/asc_stream/evaluation.py,4989,c84fe7264fc22fc4aa10a6297f74aabe21a69768a649ada0e674c9dfde8866d0
src/asc_stream/external/__init__.py,208,7a80037a45791a3a3373b5511be6ea76dd655d690c1a73721dd93d810410639d
src/asc_stream/external/twstream_official.py,6948,edec053a21a7088e4bec07bb3fa056b0563d8c3e7cadd94db32614db84b3ea95
src/asc_stream/fast_baselines.py,9561,64c0fc04515e6e278e7d4d82ca5625e6a6e963d8fc983f205deec9f2622dbf39
src/asc_stream/fast_metrics.py,1773,9fea0363c51a6ef934e6ce7630a86fdf687c853d89c90834a6540c65c3f38104
src/asc_stream/method_registry.py,4010,501ba7a83b235dcc388f289f91c8b715dfaaa34781634330a315f7e5435a2f39
src/asc_stream/microclusters.py,4231,77413dc5f6c3ded89fcd56b6a5bb6e4503a5009626954a227fcfd6b9871df5c6
src/asc_stream/model.py,10087,d630ad85f9ee0ba24ddfd755c1415d609c274d596dc792048d07b5a89ee5c0b6
src/asc_stream/optimized.py,10385,1b2b0e5aaf2f4e2c93bcbc4c9907ad223782ae72998788f81f86ba02d66e37a6
src/asc_stream/paper_protocol.py,11578,d81251824104fcf1353ae4f0b7f99b7ac4f4be7cd3e751881d8c39621407e1b2
src/asc_stream/projection.py,767,0f5fcd1b646c624e811c10208c8eec760e0b2be8d63b14ad50094cb1d29cc47b
src/asc_stream/release_io.py,1513,d68f8eed794a8678267902af95a32bdb071168356def9509df17b0bb2cae99da
src/asc_stream/scaling.py,1105,c03fb559084b8579c0cbcfde47a6fb19e620db709719d0dc0b0a3bc9d25ad7f5
src/asc_stream/sketch.py,12948,75e9775cad0b3423c269118cc05b4bd9f947e38f89776c547d8175b891ef8e9f
tests/test_core.py,3962,4de5bd431c9001a1a3aaf10abe2d7d3c9af9ffdc304fc0bf0c6b8d4837562a5a
tests/test_fra_batch_equivalence.py,953,d246220c1567a4775ba1fb52f382b6ad70f5ee429a6f60311de37f327d94cbe8
tests/test_paper_alignment.py,5991,77c0c8f09328074b1812198c59aafa9e634b460542ddb333f080124a054a9f7d
tests/test_release_integrity.py,4564,0f5732155887593f8513fb5f029aa0010cd3e5762eb7cfab33e0bb64d14f35be
