time,rank,reconstruction_error,threshold,rank_changed
1,8,0.0,0.0,0
26,8,0.0,0.0,0
51,8,0.0,0.0,0
76,8,0.0,0.0,0
101,8,0.0,0.0,0
126,8,0.0,0.0,0
151,8,0.0,0.0,0
176,8,0.0,0.0,0
201,8,0.0,0.0,0
226,8,0.853654914740809,0.853654914740809,0
251,8,0.853654914740809,0.853654914740809,0
276,8,0.853654914740809,0.853654914740809,0
301,8,0.853654914740809,0.853654914740809,0
326,8,0.853654914740809,0.853654914740809,0
351,8,0.853654914740809,0.853654914740809,0
376,8,0.853654914740809,0.853654914740809,0
401,8,0.853654914740809,0.853654914740809,0
426,8,0.853654914740809,0.853654914740809,0
451,8,0.853654914740809,0.853654914740809,0
476,8,0.853654914740809,0.853654914740809,0
501,8,0.853654914740809,0.853654914740809,0
526,8,0.853654914740809,0.853654914740809,0
551,8,0.853654914740809,0.853654914740809,0
576,8,0.853654914740809,0.853654914740809,0
601,8,0.853654914740809,0.853654914740809,0
626,8,0.853654914740809,0.853654914740809,0
651,8,0.853654914740809,0.853654914740809,0
676,8,0.853654914740809,0.853654914740809,0
701,8,0.853654914740809,0.853654914740809,0
726,8,0.853654914740809,0.853654914740809,0
751,8,0.853654914740809,0.853654914740809,0
776,8,0.853654914740809,0.853654914740809,0
801,8,0.853654914740809,0.853654914740809,0
826,8,0.2522256820602325,0.7935119914727513,0
851,8,0.2522256820602325,0.7935119914727513,0
876,8,0.2522256820602325,0.7935119914727513,0
901,8,0.2522256820602325,0.7935119914727513,0
926,8,0.2522256820602325,0.7935119914727513,0
951,8,0.2522256820602325,0.7935119914727513,0
976,8,0.2522256820602325,0.7935119914727513,0
1001,8,0.2522256820602325,0.7935119914727513,0
1026,8,0.2522256820602325,0.7935119914727513,0
1051,8,0.2522256820602325,0.7935119914727513,0
1076,8,0.2522256820602325,0.7935119914727513,0
1101,8,0.2522256820602325,0.7935119914727513,0
1126,8,0.2522256820602325,0.7935119914727513,0
1151,8,0.2522256820602325,0.7935119914727513,0
1176,8,0.23589108648305335,0.7377499009737816,0
1201,8,0.23589108648305335,0.7377499009737816,0
1226,8,0.23589108648305335,0.7377499009737816,0
1251,8,0.23589108648305335,0.7377499009737816,0
1276,8,0.23589108648305335,0.7377499009737816,0
1301,8,0.23589108648305335,0.7377499009737816,0
1326,8,0.23589108648305335,0.7377499009737816,0
1351,8,0.23447102205754095,0.6874220130821576,0
1376,8,0.23447102205754095,0.6874220130821576,0
1401,8,0.23447102205754095,0.6874220130821576,0
1426,8,0.23447102205754095,0.6874220130821576,0
1451,8,0.23447102205754095,0.6874220130821576,0
1476,8,0.23447102205754095,0.6874220130821576,0
1501,8,0.2341752754107927,0.6420973393150211,0
1526,8,0.2341752754107927,0.6420973393150211,0
1551,8,0.2341752754107927,0.6420973393150211,0
1576,8,0.2341752754107927,0.6420973393150211,0
1601,8,0.2341752754107927,0.6420973393150211,0
1626,8,0.2341752754107927,0.6420973393150211,0
1651,8,0.23410795085707803,0.6012984004692268,0
1676,8,0.23410795085707803,0.6012984004692268,0
1701,8,0.23410795085707803,0.6012984004692268,0
1726,8,0.23410795085707803,0.6012984004692268,0
1751,8,0.23410795085707803,0.6012984004692268,0
1776,8,0.2348415258393434,0.5646527130062384,0
1801,8,0.2348415258393434,0.5646527130062384,0
1826,8,0.2348415258393434,0.5646527130062384,0
1851,8,0.2348415258393434,0.5646527130062384,0
1876,8,0.2348415258393434,0.5646527130062384,0
1901,8,0.2348415258393434,0.5646527130062384,0
1926,8,0.2348415258393434,0.5646527130062384,0
1951,8,0.23504870066279956,0.5316923117718946,0
1976,8,0.23504870066279956,0.5316923117718946,0
2001,8,0.23504870066279956,0.5316923117718946,0
2026,8,0.23504870066279956,0.5316923117718946,0
2051,8,0.23504870066279956,0.5316923117718946,0
2076,8,0.23504870066279956,0.5316923117718946,0
2101,8,0.23504870066279956,0.5316923117718946,0
2126,8,0.23519059403141707,0.5020421399978469,0
2151,8,0.23519059403141707,0.5020421399978469,0
2176,8,0.23519059403141707,0.5020421399978469,0
2201,8,0.23519059403141707,0.5020421399978469,0
2226,8,0.23519059403141707,0.5020421399978469,0
2251,8,0.23519059403141707,0.5020421399978469,0
2276,8,0.23433246715202052,0.4752711727132642,0
2301,8,0.23433246715202052,0.4752711727132642,0
2326,8,0.23433246715202052,0.4752711727132642,0
2351,8,0.23433246715202052,0.4752711727132642,0
2376,8,0.23433246715202052,0.4752711727132642,0
2401,8,0.23433246715202052,0.4752711727132642,0
2426,8,0.2333295400995543,0.4510770094518932,0
2451,8,0.2333295400995543,0.4510770094518932,0
2476,8,0.2333295400995543,0.4510770094518932,0
2501,8,0.2333295400995543,0.4510770094518932,0
2526,8,0.2333295400995543,0.4510770094518932,0
2551,8,0.2333295400995543,0.4510770094518932,0
2576,8,0.2333295400995543,0.4510770094518932,0
2601,8,0.22260211681726177,0.4282295201884301,0
2626,8,0.22260211681726177,0.4282295201884301,0
2651,8,0.22260211681726177,0.4282295201884301,0
2676,8,0.22260211681726177,0.4282295201884301,0
2701,8,0.22260211681726177,0.4282295201884301,0
2726,8,0.22260211681726177,0.4282295201884301,0
2751,8,0.22224268683053253,0.40763083685264034,0
2776,8,0.22224268683053253,0.40763083685264034,0
2801,8,0.22224268683053253,0.40763083685264034,0
2826,8,0.22224268683053253,0.40763083685264034,0
2851,8,0.22224268683053253,0.40763083685264034,0
2876,8,0.22224268683053253,0.40763083685264034,0
2901,8,0.22232658587915224,0.38910041175529153,0
2926,8,0.22232658587915224,0.38910041175529153,0
2951,8,0.22232658587915224,0.38910041175529153,0
2976,8,0.22232658587915224,0.38910041175529153,0
3000,8,0.22232658587915224,0.38910041175529153,0
3001,8,0.22232658587915224,0.38910041175529153,0
3026,8,0.22232658587915224,0.38910041175529153,0
3051,8,0.28607787894619285,0.37879815847438164,0
3076,8,0.28607787894619285,0.37879815847438164,0
3101,8,0.28607787894619285,0.37879815847438164,0
3126,8,0.28607787894619285,0.37879815847438164,0
3151,8,0.28607787894619285,0.37879815847438164,0
3176,8,0.37207926305581057,0.37812626893252455,0
3201,8,0.37207926305581057,0.37812626893252455,0
3226,8,0.37207926305581057,0.37812626893252455,0
3251,8,0.37207926305581057,0.37812626893252455,0
3276,8,0.37207926305581057,0.37812626893252455,0
3286,14,0.4235844954552008,0.3826720915847922,1
3301,14,0.4235844954552008,0.3826720915847922,0
3326,14,0.4235844954552008,0.3826720915847922,0
3351,14,0.4235844954552008,0.3826720915847922,0
3376,14,0.4235844954552008,0.3826720915847922,0
3401,14,0.2236902223439707,0.3667739046607101,0
3426,14,0.2236902223439707,0.3667739046607101,0
3451,14,0.2236902223439707,0.3667739046607101,0
3476,14,0.2236902223439707,0.3667739046607101,0
3501,14,0.2236902223439707,0.3667739046607101,0
3526,14,0.22587047210334274,0.35268356140497337,0
3551,14,0.22587047210334274,0.35268356140497337,0
3576,14,0.22587047210334274,0.35268356140497337,0
3601,14,0.22587047210334274,0.35268356140497337,0
3626,14,0.22587047210334274,0.35268356140497337,0
3651,14,0.22587047210334274,0.35268356140497337,0
3676,14,0.22845051153374993,0.340260256417851,0
3701,14,0.22845051153374993,0.340260256417851,0
3726,14,0.22845051153374993,0.340260256417851,0
3751,14,0.22845051153374993,0.340260256417851,0
3776,14,0.22845051153374993,0.340260256417851,0
3801,14,0.22845051153374993,0.340260256417851,0
3826,14,0.22845051153374993,0.340260256417851,0
3851,14,0.22845051153374993,0.340260256417851,0
3876,14,0.2260181839597162,0.32883604917203757,0
3901,14,0.2260181839597162,0.32883604917203757,0
3926,14,0.2260181839597162,0.32883604917203757,0
3951,14,0.2260181839597162,0.32883604917203757,0
3976,14,0.2260181839597162,0.32883604917203757,0
4001,14,0.2260181839597162,0.32883604917203757,0
4026,14,0.2260181839597162,0.32883604917203757,0
4051,14,0.2260181839597162,0.32883604917203757,0
4076,14,0.21365623691998986,0.31731806794683276,0
4101,14,0.21365623691998986,0.31731806794683276,0
4126,14,0.21365623691998986,0.31731806794683276,0
4151,14,0.21365623691998986,0.31731806794683276,0
4176,14,0.21365623691998986,0.31731806794683276,0
4201,14,0.21365623691998986,0.31731806794683276,0
4226,14,0.21365623691998986,0.31731806794683276,0
4251,14,0.21365623691998986,0.31731806794683276,0
4276,14,0.21365623691998986,0.31731806794683276,0
4301,14,0.21365623691998986,0.31731806794683276,0
4326,14,0.2000743264124401,0.30559369379339346,0
4351,14,0.2000743264124401,0.30559369379339346,0
4376,14,0.2000743264124401,0.30559369379339346,0
4401,14,0.2000743264124401,0.30559369379339346,0
4426,14,0.2000743264124401,0.30559369379339346,0
4451,14,0.2000743264124401,0.30559369379339346,0
4476,14,0.2000743264124401,0.30559369379339346,0
4501,14,0.2000743264124401,0.30559369379339346,0
4526,14,0.1730667396373796,0.2923409983777921,0
4551,14,0.1730667396373796,0.2923409983777921,0
4576,14,0.1730667396373796,0.2923409983777921,0
4601,14,0.1730667396373796,0.2923409983777921,0
4626,14,0.1730667396373796,0.2923409983777921,0
4651,14,0.1730667396373796,0.2923409983777921,0
4676,14,0.1730667396373796,0.2923409983777921,0
4688,10,0.13555227690750787,0.2766621262307637,1
4701,10,0.13555227690750787,0.2766621262307637,0
4726,10,0.13555227690750787,0.2766621262307637,0
4751,10,0.13555227690750787,0.2766621262307637,0
4776,10,0.13555227690750787,0.2766621262307637,0
4801,10,0.13555227690750787,0.2766621262307637,0
4826,10,0.13555227690750787,0.2766621262307637,0
4851,10,0.13555227690750787,0.2766621262307637,0
4876,10,0.13555227690750787,0.2766621262307637,0
4901,10,0.2088000334844233,0.26987591695612967,0
4926,10,0.2088000334844233,0.26987591695612967,0
4951,10,0.2088000334844233,0.26987591695612967,0
4976,10,0.2088000334844233,0.26987591695612967,0
5001,10,0.2088000334844233,0.26987591695612967,0
5026,10,0.2088000334844233,0.26987591695612967,0
5051,10,0.2088000334844233,0.26987591695612967,0
5076,10,0.2088000334844233,0.26987591695612967,0
5101,10,0.2088000334844233,0.26987591695612967,0
5126,10,0.20614398289645464,0.2635027235501622,0
5151,10,0.20614398289645464,0.2635027235501622,0
5176,10,0.20614398289645464,0.2635027235501622,0
5201,10,0.20614398289645464,0.2635027235501622,0
5226,10,0.20614398289645464,0.2635027235501622,0
5251,10,0.20614398289645464,0.2635027235501622,0
5276,10,0.20614398289645464,0.2635027235501622,0
5301,10,0.20561396245119692,0.25771384744026565,0
5326,10,0.20561396245119692,0.25771384744026565,0
5351,10,0.20561396245119692,0.25771384744026565,0
5376,10,0.20561396245119692,0.25771384744026565,0
5401,10,0.20561396245119692,0.25771384744026565,0
5426,10,0.20561396245119692,0.25771384744026565,0
5451,10,0.20561396245119692,0.25771384744026565,0
5476,10,0.20460078736698395,0.2524025414329375,0
5501,10,0.20460078736698395,0.2524025414329375,0
5526,10,0.20460078736698395,0.2524025414329375,0
5551,10,0.20460078736698395,0.2524025414329375,0
5576,10,0.20460078736698395,0.2524025414329375,0
5601,10,0.20460078736698395,0.2524025414329375,0
5626,10,0.20422336867497545,0.24758462415714128,0
5651,10,0.20422336867497545,0.24758462415714128,0
5676,10,0.20422336867497545,0.24758462415714128,0
5701,10,0.20422336867497545,0.24758462415714128,0
5726,10,0.20422336867497545,0.24758462415714128,0
5751,10,0.20422336867497545,0.24758462415714128,0
5776,10,0.20452680949807542,0.2432788426912347,0
5801,10,0.20452680949807542,0.2432788426912347,0
5826,10,0.20452680949807542,0.2432788426912347,0
5851,10,0.20452680949807542,0.2432788426912347,0
5876,10,0.20452680949807542,0.2432788426912347,0
5901,10,0.20452680949807542,0.2432788426912347,0
5926,10,0.2038483293831578,0.239335791360427,0
5951,10,0.2038483293831578,0.239335791360427,0
5976,10,0.2038483293831578,0.239335791360427,0
6000,10,0.2038483293831578,0.239335791360427,0
6001,10,0.2038483293831578,0.239335791360427,0
6026,10,0.2038483293831578,0.239335791360427,0
6051,10,0.2038483293831578,0.239335791360427,0
6076,10,0.24347192431834452,0.23974940465621877,0
6101,10,0.24347192431834452,0.23974940465621877,0
6126,10,0.24347192431834452,0.23974940465621877,0
6151,10,0.24347192431834452,0.23974940465621877,0
6176,10,0.24347192431834452,0.23974940465621877,0
6201,10,0.24347192431834452,0.23974940465621877,0
6223,15,0.3438883605060719,0.2501633002412041,1
6226,15,0.3438883605060719,0.2501633002412041,0
6251,15,0.3438883605060719,0.2501633002412041,0
6276,15,0.3438883605060719,0.2501633002412041,0
6301,15,0.3438883605060719,0.2501633002412041,0
6326,15,0.23431591095494259,0.24857856131257794,0
6351,15,0.23431591095494259,0.24857856131257794,0
6376,15,0.23431591095494259,0.24857856131257794,0
6401,15,0.23431591095494259,0.24857856131257794,0
6426,15,0.23431591095494259,0.24857856131257794,0
6451,15,0.24531602150265694,0.24825230733158582,0
6476,15,0.24531602150265694,0.24825230733158582,0
6501,15,0.24531602150265694,0.24825230733158582,0
6526,15,0.24531602150265694,0.24825230733158582,0
6551,15,0.24531602150265694,0.24825230733158582,0
6576,15,0.2561230201249862,0.24903937861092587,0
6601,15,0.2561230201249862,0.24903937861092587,0
6626,15,0.2561230201249862,0.24903937861092587,0
6651,15,0.2561230201249862,0.24903937861092587,0
6676,15,0.2561230201249862,0.24903937861092587,0
6701,15,0.2561230201249862,0.24903937861092587,0
6726,15,0.2564901820784306,0.24978445895767634,0
6751,15,0.2564901820784306,0.24978445895767634,0
6776,15,0.2564901820784306,0.24978445895767634,0
6801,15,0.2564901820784306,0.24978445895767634,0
6826,15,0.2564901820784306,0.24978445895767634,0
6851,15,0.2564901820784306,0.24978445895767634,0
6876,15,0.2564901820784306,0.24978445895767634,0
6901,15,0.2564901820784306,0.24978445895767634,0
6926,15,0.2576162914003494,0.2505676422019436,0
6951,15,0.2576162914003494,0.2505676422019436,0
6976,15,0.2576162914003494,0.2505676422019436,0
7001,15,0.2576162914003494,0.2505676422019436,0
7026,15,0.2576162914003494,0.2505676422019436,0
7051,15,0.2576162914003494,0.2505676422019436,0
7076,15,0.2576162914003494,0.2505676422019436,0
7101,15,0.2576162914003494,0.2505676422019436,0
7126,15,0.24948225004726718,0.250459102986476,0
7151,15,0.24948225004726718,0.250459102986476,0
7176,15,0.24948225004726718,0.250459102986476,0
7201,15,0.24948225004726718,0.250459102986476,0
7226,15,0.24948225004726718,0.250459102986476,0
7251,15,0.24948225004726718,0.250459102986476,0
7276,15,0.24948225004726718,0.250459102986476,0
7301,15,0.24948225004726718,0.250459102986476,0
7326,15,0.24948225004726718,0.250459102986476,0
7351,15,0.22849249382473993,0.2482624420703024,0
7376,15,0.22849249382473993,0.2482624420703024,0
7401,15,0.22849249382473993,0.2482624420703024,0
7426,15,0.22849249382473993,0.2482624420703024,0
7451,15,0.22849249382473993,0.2482624420703024,0
7476,15,0.22849249382473993,0.2482624420703024,0
7501,15,0.22849249382473993,0.2482624420703024,0
7526,15,0.22849249382473993,0.2482624420703024,0
7530,14,0.19341263617679136,0.2427774614809513,1
7551,14,0.19341263617679136,0.2427774614809513,0
7576,14,0.19341263617679136,0.2427774614809513,0
7601,14,0.19341263617679136,0.2427774614809513,0
7626,14,0.19341263617679136,0.2427774614809513,0
7651,14,0.19341263617679136,0.2427774614809513,0
7676,14,0.19341263617679136,0.2427774614809513,0
7701,14,0.19341263617679136,0.2427774614809513,0
7726,14,0.16404323034089882,0.23490403836694604,0
7751,14,0.16404323034089882,0.23490403836694604,0
7776,14,0.16404323034089882,0.23490403836694604,0
7801,14,0.16404323034089882,0.23490403836694604,0
7826,14,0.16404323034089882,0.23490403836694604,0
7851,14,0.16404323034089882,0.23490403836694604,0
7876,14,0.15492678263712667,0.22690631279396412,0
7901,14,0.15492678263712667,0.22690631279396412,0
7926,14,0.15492678263712667,0.22690631279396412,0
7951,14,0.15492678263712667,0.22690631279396412,0
7976,14,0.15492678263712667,0.22690631279396412,0
8001,14,0.15492678263712667,0.22690631279396412,0
8026,14,0.15492678263712667,0.22690631279396412,0
8051,14,0.1541650401941843,0.21963218553398614,0
8076,14,0.1541650401941843,0.21963218553398614,0
8101,14,0.1541650401941843,0.21963218553398614,0
8126,14,0.1541650401941843,0.21963218553398614,0
8151,14,0.1541650401941843,0.21963218553398614,0
8176,14,0.1541650401941843,0.21963218553398614,0
8201,14,0.1541650401941843,0.21963218553398614,0
8214,12,0.15443756976711928,0.21311272395729947,1
8226,12,0.15443756976711928,0.21311272395729947,0
8251,12,0.15443756976711928,0.21311272395729947,0
8276,12,0.15443756976711928,0.21311272395729947,0
8301,12,0.15443756976711928,0.21311272395729947,0
8326,12,0.15443756976711928,0.21311272395729947,0
8351,12,0.15443756976711928,0.21311272395729947,0
8376,12,0.15443756976711928,0.21311272395729947,0
8401,12,0.2195795045515306,0.21375940201672258,0
8426,12,0.2195795045515306,0.21375940201672258,0
8451,12,0.2195795045515306,0.21375940201672258,0
8476,12,0.2195795045515306,0.21375940201672258,0
8501,12,0.2195795045515306,0.21375940201672258,0
8526,12,0.2195795045515306,0.21375940201672258,0
8551,12,0.2195795045515306,0.21375940201672258,0
8576,12,0.22112801641070706,0.21449626345612105,0
8601,12,0.22112801641070706,0.21449626345612105,0
8626,12,0.22112801641070706,0.21449626345612105,0
8651,12,0.22112801641070706,0.21449626345612105,0
8676,12,0.22112801641070706,0.21449626345612105,0
8701,12,0.22112801641070706,0.21449626345612105,0
8726,12,0.22237154486232427,0.21528379159674138,0
8751,12,0.22237154486232427,0.21528379159674138,0
8776,12,0.22237154486232427,0.21528379159674138,0
8801,12,0.22237154486232427,0.21528379159674138,0
8826,12,0.22237154486232427,0.21528379159674138,0
8851,12,0.22237154486232427,0.21528379159674138,0
8876,12,0.22237154486232427,0.21528379159674138,0
8901,12,0.2238637352660048,0.21614178596366773,0
8926,12,0.2238637352660048,0.21614178596366773,0
8951,12,0.2238637352660048,0.21614178596366773,0
8976,12,0.2238637352660048,0.21614178596366773,0
